orig.ident,nCount_RNA,nFeature_RNA,percent.mt,percent.Rb,percent.Hb,RNA_snn_res.0.2,RNA_snn_res.0.3,RNA_snn_res.0.4,RNA_snn_res.0.5,RNA_snn_res.0.6,RNA_snn_res.0.7,RNA_snn_res.0.8,RNA_snn_res.0.9,RNA_snn_res.1,seurat_clusters,Brain.area,pathology,cell.type,layer,SubType,comparison
Human_patch,1163770,5392,1.47603506588611,1.64154401649163,0,1,1,1,1,1,1,1,1,1,1,temporal lobe,tumor,INT,,INT,PY
Human_patch,569834,10055,17.6742707716313,0.954389817530375,0,0,2,2,2,2,2,2,2,3,2,frontal lobe,FCD II,DN,5,PY2,PY2
Human_patch,1085242,5440,0.047432344438028,0.0280910001040749,0,1,1,1,1,1,1,1,1,1,1,temporal lobe,TLE+HS,FS,3-4,INT,PY
Human_patch,1169737,4914,0.133270952396401,0.12703855039452,0,0,0,0,3,3,3,3,3,4,3,temporal lobe,TLE+HS,unknown,3-4,PY3,PY
Human_patch,1770199,5517,0.00158171805084885,0.128006182257982,0,0,0,0,3,3,3,3,3,4,3,temporal lobe,TLE+HS,PY,3-4,PY3,PY
Human_patch,1111235,5179,0.0269897034281422,0.118664729405732,0.00692735721322315,0,0,0,3,3,3,3,3,4,3,temporal lobe,TLE+HS,PY,3-4,PY3,PY
Human_patch,1430928,5780,0.0470801242244702,0.0406537571196464,0.00370214626690938,0,0,0,3,3,3,3,3,4,3,temporal lobe,TLE+HS,PY,3-4,PY3,PY
Human_patch,1005049,5701,1.65370287558381,0.139537295892456,0,1,1,1,1,1,1,1,1,1,1,temporal lobe,TLE+HS,INT,3-4,INT,PY
Human_patch,1442580,5295,0.214017821445222,0.167534312715038,0,0,0,0,3,3,3,3,3,4,3,temporal lobe,TLE+HS,PY,5-6,PY3,PY
Human_patch,1002012,4925,0.0582487861511516,0.194794313960957,0,0,0,0,3,3,3,3,3,4,3,temporal lobe,TLE+HS,PY,3-4,PY3,PY
Human_patch,1292638,4549,0.624556990440988,0.253236180023709,0,0,0,0,3,3,3,3,3,4,3,temporal lobe,TLE+HS,PY,5-6,PY3,PY
Human_patch,1517221,5657,0.530579277447135,0.120303098247312,0,0,0,0,3,3,3,3,3,4,3,temporal lobe,TLE+HS,PY,5-6,PY3,PY
Human_patch,1188999,5631,0.00243896695452084,0.0763648963691351,8.41023087765805e-05,0,0,0,3,3,3,3,3,4,3,temporal lobe,TLE+HS,PY,3-4,PY3,PY
Human_patch,1274486,5520,0.165674317974058,0.262572252410894,0,0,0,0,3,3,3,3,3,4,3,temporal lobe,TLE+HS,PY,3-4,PY3,PY
Human_patch,1327959,5297,0.0358316364744982,0.136401103554182,0,0,0,0,3,3,3,3,3,4,3,temporal lobe,TLE+HS,PY,3-4,PY3,PY
Human_patch,1317276,4851,0.00106278799656871,0.25613190717306,0,0,0,0,3,3,3,3,3,4,3,temporal lobe,TLE+HS,PY,3-4,PY3,PY
Human_patch,1430534,6671,0.112767596109064,0.245016405415917,0.0382641750264812,0,0,0,3,3,3,3,3,4,3,temporal lobe,tumor,PY,,PY3,PY
Human_patch,1523586,5444,0.270729884101951,0.143547058954443,0,1,1,1,1,1,1,1,1,1,1,temporal lobe,tumor,INT,,INT,PY
Human_patch,1628296,5038,0.0635230042268882,0.0735271102065817,0,1,1,1,1,1,1,1,1,1,1,temporal lobe,tumor,INT,,INT,PY
Human_patch,1364635,6381,0.171107863061039,0.216170900104903,0,0,0,0,3,3,3,3,3,4,3,temporal lobe,tumor,unknown,,PY3,PY
Human_patch,1498163,6345,0.00907695993923776,0.0638724313371363,6.67423524943953e-05,0,0,0,3,3,3,3,3,4,3,temporal lobe,tumor,PY,,PY3,PY
Human_patch,1323656,7653,0.00264412162657297,0.167335125795975,0.000982102318441388,0,0,0,3,3,3,3,3,4,3,temporal lobe,tumor,PY,,PY3,PY
Human_patch,1015996,5837,0.0375844420087802,0.0635590302033299,0,1,1,1,1,1,1,1,1,1,1,temporal lobe,tumor,FS,,INT,PY
Human_patch,1848421,5406,0.00259674357535885,0.0524758597520435,0,1,1,1,1,1,1,1,1,1,1,temporal lobe,tumor,glia,,INT,PY
Human_patch,1275819,4827,0.0665012360300407,0.0970495069979039,0,1,1,1,1,1,1,1,1,1,1,temporal lobe,tumor,FS,,INT,PY
Human_patch,1876315,5396,0.00511614992664187,0.0659770167623191,0,1,1,1,1,1,1,1,1,1,1,temporal lobe,tumor,INT,,INT,PY
Human_patch,1457455,5795,0.437813895279889,0.0640769907587044,6.83123568856123e-05,1,1,1,1,1,1,1,1,1,1,temporal lobe,tumor,INT,,INT,PY
Human_patch,1353385,4836,0.184455035305328,0.0554618898638971,0,1,1,1,1,1,1,1,1,1,1,frontal lobe,FCD II,INT,5,INT,PY
Human_patch,1481906,4292,0.001079678957462,0.0246976561519432,0,1,1,1,1,1,1,1,1,1,1,frontal lobe,FCD II,INT,5,INT,PY
Human_patch,238041,10195,5.95205170956042,0.729338696040394,0.0011852741539118,0,2,2,2,2,2,2,2,3,2,temporal lobe,FCD II,PY,2-3,PY2,PY2
Human_patch,536989,7090,15.2979459725478,3.69163404177458,0.00520526078356526,0,2,2,2,2,2,2,2,3,2,temporal lobe,FCD II,PY,2-3,PY2,PY2
Human_patch,788190,8274,10.345031547984,0.45055548793874,0,0,0,0,0,0,0,0,0,0,0,temporal lobe,FCD II,PY,2-3,PY1,INT
Human_patch,769498,6977,3.77462069344978,0.143056686211911,0,0,0,0,0,0,0,0,0,0,0,temporal lobe,unknown,PY,2-3,PY1,INT
Human_patch,1025408,9762,1.05887597430291,0.126594248066833,0,1,1,1,1,1,1,1,1,1,1,temporal lobe,unknown,unknown,2-3,INT,PY
Human_patch,1483458,9261,0.477066140514126,0.184224950337757,0,0,0,0,0,0,0,0,0,0,0,temporal lobe,unknown,PY,2-3,PY1,INT
Human_patch,1139881,10382,0.97764380372415,0.3841426070791,0.00165054489699297,0,0,0,0,0,0,0,0,2,0,temporal lobe,unknown,PY,2-3,PY1,INT
Human_patch,1456157,8246,1.68760418403771,0.136987873636282,0.000135029939513339,1,1,1,1,1,1,1,1,1,1,temporal lobe,unknown,INT,1,INT,PY
Human_patch,487921,8433,7.90902656537536,0.874628415042703,0,0,2,2,2,2,2,2,2,3,2,temporal lobe,unknown,INT,1,PY2,PY2
Human_patch,604012,6889,4.36447179045469,0.344217728004661,0.000158333821529283,1,1,1,1,1,1,1,1,1,1,temporal lobe,unknown,FS,1,INT,PY
Human_patch,1423723,5865,0.667901117424454,0.135003516370659,0.00181400073676338,1,1,1,1,1,1,1,1,1,1,temporal lobe,unknown,FS,1,INT,PY
Human_patch,1027577,7005,3.09013215534973,1.32872098934024,0.00132032747893842,1,1,1,1,1,1,1,1,1,1,temporal lobe,FCD II,INT,,INT,PY
Human_patch,1078082,7252,0.965558294054803,0.222213444326759,0.00101047866374302,1,1,1,1,1,1,1,1,1,1,temporal lobe,FCD II,INT,,INT,PY
Human_patch,1253421,9823,0.70347722136004,0.24003783566677,0,1,1,1,1,1,1,1,1,1,1,temporal lobe,FCD II,FS,,INT,PY
Human_patch,868890,10198,3.49666193899639,0.341747253638214,0.000555325404026998,0,0,0,0,0,0,0,0,0,0,temporal lobe,FCD II,PY,,PY1,INT
Human_patch,1137853,9091,1.85355141105903,0.0999705005080468,0,0,0,0,0,0,0,0,0,0,0,temporal lobe,FCD II,immature,,PY1,INT
Human_patch,917152,8457,13.6425866396997,1.25644748512771,0,0,2,2,2,2,2,2,2,3,2,temporal lobe,FCD II,unknown,,PY2,PY2
Human_patch,339760,8961,1.02021196636971,0.350461163775775,0,1,1,1,1,1,1,1,1,1,1,temporal lobe,FCD II,FS,,INT,PY
Human_patch,1482306,10872,5.00754271535189,2.04492818078934,0.0004485896980735,0,2,2,2,2,2,2,2,3,2,temporal lobe,tumor,PY,4,PY2,PY2
Human_patch,726887,8090,0.755440867261954,0.141039294393927,0.000136533682859561,0,0,0,0,0,0,0,0,0,0,temporal lobe,tumor,INT,,PY1,INT
Human_patch,798182,6915,1.6793234911895,0.149048736473211,0,0,0,0,0,0,0,0,0,0,0,temporal lobe,tumor,PY,,PY1,INT
Human_patch,910011,10542,4.34369001843727,1.34726604956829,0.00031534666058398,0,2,2,2,2,2,2,2,3,2,temporal lobe,tumor,PY,4,PY2,PY2
Human_patch,1290607,10062,5.06996877608888,1.42048568076585,0.000147109121868874,0,2,2,2,2,2,2,2,3,2,temporal lobe,tumor,PY,4,PY2,PY2
Human_patch,1226496,11984,0.126704732372896,0.121493226671183,8.1429776589265e-05,0,0,0,0,0,0,0,0,0,0,temporal lobe,tumor,PY,3,PY1,INT
Human_patch,1232129,8631,1.45522280624862,0.512027282528369,0,0,0,0,0,0,0,0,0,2,0,temporal lobe,tumor,PY,3,PY1,INT
Human_patch,953272,9860,3.76307232266616,1.43668094497283,0.000605725927189725,0,2,2,2,2,2,2,2,3,2,temporal lobe,tumor,PY,4,PY2,PY2
Human_patch,703612,9539,5.27915651962032,2.84063449497662,0,0,2,2,2,2,2,2,2,3,2,temporal lobe,tumor,PY,4,PY2,PY2
Human_patch,1285816,11060,4.4064097016845,0.227420402858999,0.000297378754964367,0,0,0,0,0,0,0,0,0,0,temporal lobe,tumor,PY,,PY1,INT
Human_patch,1093221,12699,1.03095303406002,0.108364136087973,0.000633708398175282,0,0,0,0,0,0,0,0,0,0,temporal lobe,tumor,PY,,PY1,INT
Human_patch,1616153,6680,0.318936868880002,0.256642102380524,0.00135691570592923,1,1,1,1,1,1,1,1,1,1,temporal lobe,tumor,INT,,INT,PY
Human_patch,1274741,9259,1.18401724010961,0.568210447165343,0.000232555435401914,0,0,0,0,0,0,0,2,2,2,temporal lobe,tumor,PY,,PY1,INT
Human_patch,935951,9990,3.17050435703815,0.511485138066847,0.000931101586286736,0,0,0,0,0,2,2,2,2,2,temporal lobe,tumor,PY,3,PY1,INT
Human_patch,1413920,9437,2.64156503932085,0.219172158594434,0.000275428411680093,0,0,0,0,0,0,0,0,0,0,temporal lobe,tumor,PY,5,PY1,INT
Human_patch,861837,6406,2.55673017129289,0.208717281926621,0,1,1,1,1,1,1,1,1,1,1,frontal lobe,FCD II,INT,5,INT,PY
Human_patch,635008,9271,3.13680267003472,0.55707077178403,0.000152538546490698,0,2,2,2,2,2,2,2,3,2,frontal lobe,FCD Ib,DN,3,PY2,PY2
Human_patch,847435,9429,0.819603060725295,0.175788061860545,0,0,0,0,0,0,0,0,0,0,0,frontal lobe,FCD Ib,DN,3,PY1,INT
Human_patch,920651,11383,1.29882521446965,0.111710761327064,0.000107208024306203,1,1,1,1,1,1,1,1,1,1,frontal lobe,FCD Ib,DN,3,INT,PY
Human_patch,1245436,9559,0.780729679518433,0.217568648445392,7.96662938284116e-05,0,0,0,0,0,0,0,0,0,0,frontal lobe,FCD Ib,PY,2-3,PY1,INT
Human_patch,1108081,8898,0.602352358637814,0.100377109354537,0,0,0,0,0,0,0,0,0,0,0,frontal lobe,FCD Ib,DN,2-3,PY1,INT
Human_patch,669917,6895,0.765386233416879,0.0816194725397136,0,0,0,0,0,0,0,0,0,0,0,frontal lobe,FCD Ib,DN,2-3,PY1,INT
Human_patch,659347,6546,4.96104588729613,0.356028338126023,0,0,0,0,0,0,0,0,0,0,0,frontal lobe,FCD II,INT,5,PY1,INT
Human_patch,1277095,12333,0.249942396088402,0.105522555348572,0.00164024697433013,0,0,0,0,0,0,0,0,0,0,frontal lobe,FCD II,DN,3,PY1,INT
Human_patch,740672,10380,0.300174181789792,0.13783783056177,0.000134607256407978,0,0,0,0,0,0,0,0,0,0,frontal lobe,FCD II,PY,3,PY1,INT
Human_patch,468024,4533,7.50422435004299,0.849613138469748,0,0,0,0,0,0,0,0,0,0,0,frontal lobe,FCD II,DN,3,PY1,INT
Human_patch,727770,6981,0.543086106616522,0.193236979052783,0,1,1,1,1,1,1,1,1,1,1,frontal lobe,FCD II,INT,2,INT,PY
Human_patch,835356,8002,0.481654135875787,0.155706642490639,0,0,0,0,0,0,0,0,0,0,0,frontal lobe,FCD II,PY,2-3,PY1,INT
Human_patch,846586,9969,0.209226968236399,0.117756473953895,0,0,0,0,0,0,0,0,0,0,0,frontal lobe,FCD II,PY,2-3,PY1,INT
Human_patch,922638,5911,3.76135133274504,1.70063982609748,0.000417232538296732,0,2,2,2,2,2,2,2,3,2,insular lobe,FCD IIIc,immature,3,PY2,PY2
Human_patch,1053150,9576,0.689979037537236,0.161815502038253,0,0,0,0,0,0,0,0,0,0,0,insular lobe,FCD IIIc,DN,3,PY1,INT
Human_patch,798297,5083,1.75555834508628,0.692624070532464,0,0,0,0,0,0,0,0,2,2,2,insular lobe,FCD IIIc,DN,3,PY1,INT
Human_patch,850221,8289,0.443555044501873,0.12681365184676,0.00152223220129999,0,0,0,0,0,0,0,0,0,0,insular lobe,FCD IIIc,FS,3,PY1,INT
Human_patch,495561,8274,0.298765104235825,0.210644487632935,0,0,0,0,0,0,0,0,0,0,0,insular lobe,FCD IIIc,DN,3,PY1,INT
Human_patch,988949,6204,0.334888014576648,0.475676024315913,0,0,0,0,0,0,0,0,0,0,0,insular lobe,FCD IIIc,PY,2-3,PY1,INT
Human_patch,1048070,10109,0.756115921992699,0.31702894262136,0.00018938407564,0,0,0,0,0,0,0,0,0,0,insular lobe,FCD IIIc,PY,2-3,PY1,INT
Human_patch,1153714,7802,1.49947450517683,0.444301390704334,0,0,0,0,0,0,0,0,0,0,0,insular lobe,FCD IIIc,PY,2-3,PY1,INT
Human_patch,1008101,11059,1.68561077058861,0.515513685103644,0,0,0,2,2,2,2,2,2,2,2,insular lobe,FCD IIIc,PY,2-3,PY2,PY2
Human_patch,759492,7934,0.579511702156904,0.584093339738899,0.000130903930914141,0,0,0,0,0,2,2,2,2,2,insular lobe,FCD IIIc,PY,2-3,PY1,INT
Human_patch,310313,7953,2.18814518289704,0.549715528518069,0,1,1,1,1,1,1,1,1,1,1,temporal lobe,FCD II,FS,5,INT,PY
Human_patch,583374,7601,4.85250992455058,0.263893555321418,0.00538225421854562,1,1,1,1,1,1,1,1,1,1,temporal lobe,FCD II,FS,3,INT,PY
Human_patch,619471,9209,1.79644041008048,0.495558835325767,0,1,1,1,1,1,1,1,1,1,1,temporal lobe,FCD II,FS,3,INT,PY
Human_patch,623116,6906,1.58803861831954,0.302919748377611,0,1,1,1,1,1,1,1,1,1,1,temporal lobe,FCD II,FS,3,INT,PY
Human_patch,1572487,9770,0.149919230300321,0.128393343357581,0.000888974682001057,1,1,1,1,1,1,1,1,1,1,temporal lobe,FCD II,unknown,3,INT,PY
Human_patch,603753,4594,0.642140688384034,0.606100501106714,0,0,0,0,0,0,0,0,0,2,0,temporal lobe,FCD II,PY,3,PY1,INT
Human_patch,599177,5067,8.8612697244134,0.963442718204413,0,0,2,2,2,2,2,2,2,3,2,temporal lobe,FCD II,PY,3,PY2,PY2
Human_patch,732303,5213,4.15710161164088,1.34320857098732,0,0,2,2,2,2,2,2,2,3,2,temporal lobe,FCD II,PY,5,PY2,PY2
Human_patch,622010,4470,8.05605238651313,0.674047685917429,0,0,2,2,2,2,2,2,2,3,2,temporal lobe,FCD II,PY,5,PY2,PY2
Human_patch,835290,6544,1.06328922011638,0.418587958548658,0.000236891883728726,1,1,1,1,1,1,1,1,1,1,temporal lobe,FCD II,FS,3,INT,PY
Human_patch,710793,4859,0.452505798124433,0.118203309692671,0,1,1,1,1,1,1,1,1,1,1,temporal lobe,FCD II,FS,3,INT,PY
Human_patch,930024,7993,1.41607385335542,0.94754728461293,0,0,2,2,2,2,2,2,2,3,2,temporal lobe,FCD II,PY,3-4,PY2,PY2
Human_patch,898121,5175,1.97850147721853,0.642074370613229,0,1,1,1,1,1,1,1,1,1,1,temporal lobe,FCD II,FS,3,INT,PY
Human_patch,607340,6598,0.617885966003181,0.502032347377585,0,0,0,0,0,0,2,2,2,2,2,temporal lobe,FCD II,PY,3,PY1,INT
Human_patch,881507,6048,0.250531559168561,0.484542067009837,0,1,1,1,1,1,1,1,1,1,1,temporal lobe,FCD II,FS,3,INT,PY
Human_patch,875149,11721,0.384620638158374,0.108135426531653,0.000341480294310483,0,0,0,0,0,0,0,0,0,0,temporal lobe,tumor,PY,3,PY1,INT
Human_patch,1413796,12728,0.820349493858252,0.568506268020119,0.000561210531115616,0,0,0,0,0,0,0,0,0,0,temporal lobe,tumor,PY,3,PY1,INT
Human_patch,1317931,14021,0.925917573264534,0.681226357791931,0,0,0,0,0,0,0,0,2,2,2,temporal lobe,tumor,PY,3,PY1,INT
Human_patch,1307684,13933,1.51454216542626,0.410982426490856,0.000903754648687974,0,0,0,0,0,0,0,2,2,2,temporal lobe,tumor,PY,3,PY1,INT
Human_patch,1388125,13627,1.74507123902606,0.801116098129998,0.000637042311642515,0,2,2,2,2,2,2,2,3,2,temporal lobe,tumor,PY,3,PY2,PY2
Human_patch,978157,10401,5.71644482742999,0.849283299741774,0,0,0,0,0,0,2,2,2,2,2,temporal lobe,tumor,PY,3,PY1,INT
Human_patch,948454,9446,0.741881841005585,0.183246593821523,0,1,1,1,1,1,1,1,1,1,1,temporal lobe,FCD II,INT,1,INT,PY
Human_patch,1724038,7442,0.673835967953615,0.328737006937699,0,1,1,1,1,1,1,1,1,1,1,temporal lobe,FCD II,INT,1,INT,PY
Human_patch,1367262,11845,2.81871237789809,0.420208981469438,7.10772972715558e-05,0,0,0,0,0,2,2,2,2,2,temporal lobe,FCD II,PY,2,PY1,INT
Human_patch,800285,10297,8.17923455637107,0.388951929442514,0.00091788065945136,1,1,1,1,1,1,1,1,1,1,temporal lobe,FCD II,DN,2,INT,PY
Human_patch,1179738,8308,0.397485406679579,0.0982737921357327,0,0,0,0,0,0,0,0,0,0,0,temporal lobe,FCD II,INT,2,PY1,INT
Human_patch,885191,9526,6.80022068314912,0.622461248839202,0,0,0,0,0,0,0,0,2,2,2,temporal lobe,TLE+HS,PY,3,PY1,INT
Human_patch,947907,11206,0.95222670372615,0.110551503625839,0.00198532946019937,0,0,0,0,0,0,0,0,0,0,temporal lobe,TLE+HS,PY,3,PY1,INT
Human_patch,974342,11769,13.9408414055399,0.129308403191374,8.83254120159657e-05,0,0,0,0,0,0,0,0,0,0,parietal lobe,FCD II,immature,2-3,PY1,INT
Human_patch,1035767,12163,6.34569287678343,0.24603348985078,0.00207966566209773,0,0,0,0,0,2,2,2,2,2,parietal lobe,FCD II,immature,2-3,PY1,INT
Human_patch,357352,7257,10.2613167794201,1.19609054428021,0,0,2,2,2,2,2,2,2,3,2,frontal lobe,FCD II,DN,2,PY2,PY2
Human_patch,708582,9977,4.84924009056069,0.492417019608054,0.0013428334322554,0,0,0,0,0,0,0,0,0,0,frontal lobe,FCD II,PY,2,PY1,INT
Human_patch,760971,10982,2.27636680249186,0.153718326897368,0.000513678619540078,0,0,0,0,0,0,0,0,0,0,temporal lobe,tumor,PY,4,PY1,INT
Human_patch,1111030,13612,3.56579915841515,0.200848528615274,0.00026039135084089,0,0,0,0,0,0,0,0,0,0,temporal lobe,tumor,PY,4,PY1,INT
Human_patch,984548,5571,5.54218254558363,1.08863443392832,0,0,2,2,2,2,2,2,2,2,2,temporal lobe,tumor,PY,2,PY2,PY2
Human_patch,1206432,13240,3.91635592693886,0.750155701708976,0.000238928453670976,0,0,0,0,0,0,0,0,2,0,temporal lobe,tumor,PY,2,PY1,INT
Human_patch,844830,12544,7.9983490820308,1.07527467202162,0.000435598408759013,0,2,2,2,2,2,2,2,3,2,temporal lobe,tumor,PY,2,PY2,PY2
Human_patch,987268,7070,9.11327101564816,0.359397640716512,0.000184117643809689,0,0,0,0,0,0,0,0,0,0,temporal lobe,tumor,PY,2,PY1,INT
Human_patch,1251293,8779,2.48955768211714,0.326828964184408,7.79277453944702e-05,0,0,0,0,0,0,0,0,0,0,temporal lobe,tumor,PY,3,PY1,INT
Human_patch,890305,11450,4.2917435295433,0.168238324367789,0.000645003160515487,0,0,0,0,0,0,0,0,0,0,temporal lobe,tumor,PY,3,PY1,INT
Human_patch,796986,14142,0.718526472618013,0.123823736786114,0.000124571163768726,0,0,0,0,0,0,0,0,0,0,temporal lobe,tumor,PY,4,PY1,INT
Human_patch,758928,8080,5.95885836357846,0.796265754005182,0.00272608879366854,0,0,0,0,0,0,0,2,2,2,temporal lobe,tumor,PY,4,PY1,INT
Human_patch,929415,12414,3.37747153299241,0.401287863745097,0.000415842345849841,0,0,0,0,0,0,0,2,2,2,temporal lobe,tumor,PY,2,PY1,INT
Human_patch,1500999,12693,1.1849909051948,0.189137715034704,0,0,0,0,0,0,0,0,0,0,0,temporal lobe,tumor,PY,2,PY1,INT
Human_patch,224788,8021,2.13418085245331,0.55901432365362,0.00261221646567112,0,0,0,0,0,0,0,0,0,0,temporal lobe,tumor,PY,1-2,PY1,INT
Human_patch,1259833,10641,1.51591784088022,0.630303504074733,0.00125075729445563,0,0,0,0,0,2,2,2,2,2,temporal lobe,tumor,PY,2,PY1,INT
Human_patch,1324270,13290,2.08138158366601,0.340131275884175,0.000369707908569755,0,0,0,0,0,0,0,0,0,0,temporal lobe,tumor,PY,2,PY1,INT
Human_patch,1039857,5698,4.13899912883554,0.38782950988933,0,0,0,0,0,0,0,0,0,0,0,temporal lobe,tumor,PY,2-3,PY1,INT
Human_patch,349797,8668,2.43088097469541,0.659950015620119,0,0,0,0,0,0,0,0,2,2,2,temporal lobe,TLE+CH,PY,3-4,PY1,INT
Human_patch,598403,11374,5.40832762951359,0.257185627322693,0,0,0,0,0,0,0,0,0,0,0,frontal lobe,unknown,DN,4,PY1,INT
Human_patch,681077,12112,4.49295136702673,0.15986156549346,0.000841376660491897,0,0,0,0,0,0,0,0,0,0,frontal lobe,unknown,DN,4,PY1,INT
Human_patch,2110280,14062,1.92854467328879,0.220840625752285,0.00144066906530321,0,0,0,0,0,0,0,2,2,2,temporal lobe,unknown,DN,3,PY1,INT
Human_patch,503336,7358,11.2715657430144,0.571325824949716,0.00564098315285125,0,0,0,0,0,2,2,2,2,2,temporal lobe,unknown,DN,2,PY1,INT
Human_patch,1201391,12866,1.51200777154287,0.296843425545258,0.000163956600687798,1,1,1,1,1,1,1,1,1,1,temporal lobe,unknown,FS,2-3,INT,PY
Human_patch,791537,11073,9.61331379899809,0.181792644477763,0.000570956797982924,0,0,0,0,0,0,0,0,0,0,frontal lobe,unknown,DN,3,PY1,INT
Human_patch,933867,7456,1.47959894165158,0.566203744730412,0,1,1,1,1,1,1,1,1,1,1,frontal lobe,unknown,INT,2,INT,PY
Human_patch,1408469,12547,0.443191288287098,0.143772102133326,0,0,0,0,0,0,0,0,0,0,0,frontal lobe,unknown,DN,2,PY1,INT
Human_patch,481212,10318,1.12840658798777,0.166425589269864,0.00349288273776258,0,0,0,0,0,0,0,0,0,0,frontal lobe,unknown,DN,2-3,PY1,INT
Human_patch,1028425,12347,0.749188371222211,0.117256714032589,0.000193015167131833,1,1,1,1,1,1,1,1,1,1,frontal lobe,unknown,FS,2-3,INT,PY
Human_patch,262978,9223,1.17175756118093,0.288241837532319,0.000375804221033011,0,0,0,0,0,0,0,0,0,0,temporal lobe,tumor,PY,2-3,PY1,INT
Human_patch,1275830,13056,1.48981758517518,0.303600038606312,0.000308850497056269,0,0,2,2,2,2,2,2,2,2,temporal lobe,tumor,PY,3,PY2,PY2
Human_patch,1113199,13951,2.09279908249296,0.266052415404127,8.79512117038436e-05,0,0,0,0,0,0,0,0,0,0,temporal lobe,tumor,PY,3,PY1,INT
Human_patch,551387,10928,3.12590591009155,0.553428710475966,0,0,0,0,0,0,0,0,0,2,0,temporal lobe,tumor,PY,3,PY1,INT
Human_patch,424065,10501,0.453757998863844,0.209625397302335,0.000469485772233672,0,0,0,0,0,0,0,0,0,0,temporal lobe,tumor,PY,3,PY1,INT
Human_patch,1552567,9584,0.464032363019737,0.264904907985293,0,0,0,0,0,0,0,0,0,0,0,temporal lobe,tumor,PY,4,PY1,INT
Human_patch,1059554,10058,2.18667867999826,0.973006006973517,0.000830840043905281,0,2,2,2,2,2,2,2,3,2,temporal lobe,TLE+HS,PY,3-4,PY2,PY2
Human_patch,1514880,12924,0.874273102213591,0.150499822999121,0.00189760646390196,0,0,0,0,0,0,0,0,0,0,temporal lobe,TLE+HS,PY,3-4,PY1,INT
Human_patch,412761,10438,0.393588679318134,0.172541940964111,0,0,0,0,0,0,0,0,0,0,0,temporal lobe,TLE+HS,PY,2,PY1,INT
Human_patch,827285,5015,0.988931814808964,0.320268853494952,0,0,0,0,0,0,0,0,0,0,0,temporal lobe,TLE+HS,PY,2,PY1,INT
Human_patch,1500427,12975,1.0979616158367,0.157011740945129,0.00303213269667336,0,0,0,0,0,0,0,0,0,0,temporal lobe,TLE+HS,PY,2,PY1,INT
Human_patch,970914,4932,0.690522827348836,0.554484409281298,0,0,0,0,0,0,0,0,2,2,2,temporal lobe,TLE+HS,PY,2,PY1,INT
Human_patch,662981,3994,1.02988594972234,0.621753149817878,0,0,0,0,0,0,2,2,2,2,2,temporal lobe,tumor,immature,2-3,PY1,INT
Human_patch,967274,10049,2.12461966403952,0.965625825305002,0.000505934101071467,0,2,2,2,2,2,2,2,3,2,temporal lobe,TLE+HS,PY,2-3,PY2,PY2
Human_patch,795429,7710,8.25141931748189,0.826560672506188,0.00115344777073149,0,0,0,0,0,0,0,2,2,2,temporal lobe,TLE+HS,PY,2-3,PY1,INT
Human_patch,1667430,11838,0.543677622730079,0.189616145107945,0.00184904073556033,0,0,0,0,0,0,0,0,0,0,temporal lobe,TLE+HS,immature,2-3,PY1,INT
Human_patch,123159,7021,12.5818930333251,2.16914504737907,0,0,2,2,2,2,2,2,2,3,2,hippocampus,unknown,GC,DG,PY2,PY2
Human_patch,78136,4965,1.84659447780318,2.75481747606964,0,0,2,2,2,2,2,2,2,3,2,frontal lobe,unknown,PY,3,PY2,PY2
Human_patch,1384554,12953,0.941679139395986,0.179650229374208,0.000143090584925693,0,0,0,0,0,0,0,0,0,0,frontal lobe,unknown,PY,5,PY1,INT
Human_patch,973237,11856,2.5986711408993,0.250499648219631,0.000200159527143133,0,0,0,0,0,0,0,0,0,0,frontal lobe,unknown,PY,,PY1,INT
Human_patch,1040726,9672,6.78824703229146,1.24933050788254,0.000358256651482556,0,2,2,2,2,2,2,2,3,2,frontal lobe,unknown,PY,5,PY2,PY2
Human_patch,819208,10905,18.1207127986111,0.811388625966635,0,0,0,0,0,0,0,0,2,2,2,frontal lobe,unknown,PY,4,PY1,INT
Human_patch,693531,10635,1.98563839334295,0.617455810712837,0,0,0,0,0,0,0,0,2,2,2,frontal lobe,unknown,PY,4,PY1,INT
Human_patch,1601601,12909,0.547188826717122,0.518127958480216,6.20958723010805e-05,0,0,0,0,0,0,0,0,0,0,frontal lobe,unknown,PY,4,PY1,INT
Human_patch,1258214,12667,0.394081026478952,0.25316816445956,0.000395822646121888,0,0,0,0,0,0,0,0,0,0,frontal lobe,unknown,PY,4,PY1,INT
Human_patch,1117567,5645,0.0242432266571722,0.178290593091307,0,1,1,1,1,1,1,1,1,1,1,frontal lobe,unknown,INT,2-3,INT,PY
Human_patch,1293166,11932,0.567301067860834,0.121410732739531,0.0146092711972836,1,1,1,1,1,1,1,1,1,1,frontal lobe,FCD II,FS,5,INT,PY
Human_patch,990160,11425,0.508330327294797,0.0746569348053042,0.000100480396776991,1,1,1,1,1,1,1,1,1,1,frontal lobe,FCD II,FS,4-5,INT,PY
Human_patch,1425353,4794,0.155858383920178,0.0117681835948719,0,0,0,0,0,0,0,0,0,0,0,frontal lobe,FCD II,DN,4-5,PY1,INT
Human_patch,821929,12559,0.314968842704778,0.180952450256268,0.002061790653054,1,1,1,1,1,1,1,1,1,1,frontal lobe,FCD II,unknown,5,INT,PY
Human_patch,1808694,11049,0.635895024306847,0.176677183427285,0.0047245764224958,1,1,1,1,1,1,1,1,1,1,frontal lobe,FCD II,FS,1-2,INT,PY
Human_patch,1361723,12856,0.142849704950828,0.25240692219751,0.00432655677212466,0,0,0,0,0,0,0,0,0,0,frontal lobe,FCD II,DN,2,PY1,INT
Human_patch,1206882,9593,0.206469601340853,0.242438474622099,0.00694571346120612,1,1,1,1,1,1,1,1,1,1,frontal lobe,FCD II,FS,1-2,INT,PY
Human_patch,1285012,8730,0.730646519424938,0.365941273262416,0.00363082960593911,0,0,0,0,0,0,0,0,0,0,temporal lobe,TLE+HS,immature,3,PY1,INT
Human_patch,1207891,5969,3.29940501351369,0.975979582164496,0.00128091816213862,0,0,0,0,0,0,0,0,0,0,temporal lobe,TLE+HS,PY,2,PY1,INT
Human_patch,998898,6064,0.756966847057725,0.374658351523124,0.000794820157036593,1,1,1,1,1,1,1,1,1,1,temporal lobe,TLE+HS,unknown,1,INT,PY
Human_patch,954436,7453,1.21509952638029,0.509741496373332,0.00103500811446362,1,1,1,1,1,1,1,1,1,1,temporal lobe,TLE+HS,INT,1,INT,PY
Human_patch,830399,7333,1.73060378238225,0.68850196976887,0.00307683932863366,0,0,0,0,0,0,0,0,2,0,temporal lobe,TLE+HS,PY,1,PY1,INT
Human_patch,1021161,6641,1.5260572466745,0.492967118167458,0.00154293307720644,0,0,0,0,0,0,0,0,0,0,temporal lobe,TLE+HS,PY,4-5,PY1,INT
Human_patch,1202282,9194,1.42983401135669,0.140523824281271,0.00114780253205239,1,1,1,1,1,1,1,1,1,1,temporal lobe,TLE+HS,FS,2-3,INT,PY
Human_patch,1394490,8397,1.1513171885234,0.274113013669499,0.000354425929233901,0,0,0,0,0,0,0,0,0,0,temporal lobe,TLE+HS,PY,2-3,PY1,INT
Human_patch,940161,5555,1.069528845395,0.289374687606871,0,1,1,1,1,1,1,1,1,1,1,parietal lobe,FCD II,immature,1-2,INT,PY
Human_patch,999351,8840,1.07404368041608,0.447534698540192,0.00267273542592019,1,1,1,1,1,1,1,1,1,1,temporal lobe,tumor,FS,23,INT,PY
Human_patch,1228379,10956,0.623982680900774,0.298440569148575,0.000566300890224999,1,1,1,1,1,1,1,1,1,1,temporal lobe,tumor,immature,2,INT,PY
Human_patch,1023325,13273,0.104354379272038,0.0871734898876799,0.00107380558652237,1,1,1,1,1,1,1,1,1,1,temporal lobe,tumor,INT,2,INT,PY
Human_patch,1115737,13055,0.407301615638668,0.125591359457288,0.00205302151209497,1,1,1,1,1,1,1,1,1,1,temporal lobe,tumor,immature,2,INT,PY
Human_patch,1242703,11316,1.20239110783915,0.151928683356296,7.95021890927767e-05,0,0,0,0,0,0,0,0,0,0,temporal lobe,tumor,immature,2,PY1,INT
Human_patch,1107934,8766,0.391714038862132,0.157243023633204,0,0,0,0,0,0,0,0,0,0,0,parietal lobe,CG,PY,23,PY1,INT
Human_patch,962509,12054,2.43924936193332,0.210526529180781,0.000304082613164345,0,0,0,0,0,0,0,0,0,0,parietal lobe,CG,PY,2-3,PY1,INT
Human_patch,1309147,11194,1.83699422485427,0.113523378767679,0,0,0,0,0,0,0,0,0,0,0,parietal lobe,CG,PY,2-3,PY1,INT
Human_patch,1570248,10788,3.80698765554618,0.18102258463495,0,0,0,0,0,0,0,0,0,0,0,parietal lobe,CG,PY,3,PY1,INT
Human_patch,1280189,9887,6.96273826377402,0.265771121427679,7.26746298681101e-05,0,0,0,0,0,0,0,0,0,0,parietal lobe,CG,PY,3,PY1,INT
